first_name,last_name,store,cost,fraud
Patrick,Crawford,Asoka,941.75,FALSE
Roy,Jenkins,Zoolab,6631.31,FALSE
Lawrence,Henry,Flowdesk,7497.62,FALSE
Janice,Ferguson,Hatity,1839.41,FALSE
Edward,Wallace,Zaam-Dox,2964.77,FALSE
Thomas,Harvey,Daltfresh,823.2,FALSE
Deborah,Harris,Biodex,3179.37,FALSE
Joseph,Boyd,Zontrax,3985.45,FALSE
Juan,Bishop,Voyatouch,2487.95,FALSE
Theresa,Ruiz,Vagram,6609.19,FALSE
Robert,Hill,Daltfresh,7227.63,FALSE
Eugene,Willis,Regrant,3730.3,FALSE
Carlos,Rice,Kanlam,6603.13,FALSE
Chris,Austin,Toughjoyfax,6899.27,FALSE
Maria,Webb,Temp,7976.72,FALSE
Lois,Freeman,Daltfresh,4633,FALSE
Joseph,Tucker,Stronghold,645.46,FALSE
Theresa,Foster,Flexidy,3830.15,FALSE
Adam,Rice,Gembucket,8757.35,FALSE
Henry,Ruiz,Mat Lam Tam,4709.18,FALSE
Jack,Alvarez,Zaam-Dox,7554.48,TRUE
Andrew,Nelson,Overhold,6400.08,FALSE
Andrew,Gray,Tres-Zap,9946.76,FALSE
Karen,Jones,Ronstring,6602.47,FALSE
Virginia,Carroll,Sub-Ex,3505.03,FALSE
Johnny,West,Cardguard,4009.04,FALSE
Janice,Gonzales,Vagram,1383.94,FALSE
Gary,Johnson,Konklux,2342.08,FALSE
Shirley,Hernandez,Konklux,1320.39,FALSE
Daniel,Moore,Alpha,7014.36,FALSE
Jason,Jenkins,Lotstring,5006.12,FALSE
Charles,Fowler,Stringtough,8881.95,FALSE
Gloria,Butler,Temp,8909.04,FALSE
Gary,Lynch,Aerified,1406.72,FALSE
Marilyn,Cook,Voltsillam,8672.42,FALSE
Thomas,Fuller,Tin,4511.26,FALSE
Rose,Payne,Voyatouch,9300.48,FALSE
Patrick,Hanson,Stronghold,2417.7,FALSE
Harold,Palmer,Stringtough,9503.86,FALSE
Eric,Morgan,Namfix,4294.75,FALSE
Carolyn,Collins,Andalax,6480.54,TRUE
Terry,Bell,Konklab,1158.84,FALSE
Harold,Simmons,Domainer,6383.3,FALSE
Joshua,Murray,Tempsoft,8036.51,FALSE
Margaret,George,Stringtough,1975.64,FALSE
Theresa,Weaver,Namfix,2815.72,FALSE
Jeremy,Ross,Voyatouch,6239.55,FALSE
Emily,Harper,Flexidy,9099.17,FALSE
Michelle,Miller,Zaam-Dox,4557.99,FALSE
Teresa,Hunt,Treeflex,4828.02,FALSE
Lillian,Flores,Ventosanzap,4466.49,FALSE
Beverly,Lynch,Vagram,6502.27,FALSE
Diane,Mcdonald,Cookley,8980.08,FALSE
Carolyn,Fox,Home Ing,8562.45,FALSE
Louis,Jordan,Subin,2801.47,FALSE
Heather,Burke,Domainer,7142.73,FALSE
Eugene,Alvarez,Stronghold,1191.5,FALSE
Edward,Romero,Holdlamis,9607.35,FALSE
Ruth,James,Flexidy,3938.32,FALSE
Walter,Fernandez,Zoolab,5893.05,FALSE
Larry,Price,Quo Lux,6496.41,FALSE
Jason,Perry,Voyatouch,6524.17,FALSE
Larry,Wright,Zontrax,1518.36,FALSE
Johnny,Lawrence,Gembucket,4719.06,FALSE
Brian,Garcia,Keylex,3162.4,FALSE
Donald,Hamilton,Keylex,4315.91,FALSE
Victor,Coleman,Treeflex,4554.45,FALSE
Irene,Stone,Y-find,1945.25,FALSE
Kelly,George,Flexidy,7385.15,FALSE
Aaron,Rodriguez,Duobam,5377.49,FALSE
Douglas,Wheeler,Otcom,4516.38,FALSE
Carolyn,Garza,Tin,3213.05,FALSE
Russell,Marshall,Y-find,762.79,FALSE
Wayne,Weaver,Solarbreeze,5336.28,FALSE
Stephanie,Woods,Bigtax,6950.15,FALSE
Kevin,Gilbert,Rank,4963.22,FALSE
Bonnie,Carter,Cardguard,7236.07,FALSE
Charles,Young,Stim,9933.83,TRUE
Doris,Howell,Temp,1154.3,FALSE
Katherine,Stone,Rank,6322.9,FALSE
Jean,Burns,Redhold,6727.47,FALSE
Carl,Brown,Zamit,5531.19,FALSE
Bruce,Richardson,Overhold,3358.61,FALSE
Todd,Black,Cookley,1536.25,FALSE
Tammy,Weaver,Sub-Ex,1475.2,FALSE
Cheryl,Little,Voyatouch,6178.93,FALSE
Louis,Collins,Stim,7445.85,FALSE
Kathy,Bryant,Bytecard,6266.65,FALSE
Ronald,Grant,Asoka,4635.12,FALSE
Louise,Knight,Bitchip,529.22,FALSE
Diana,Scott,Treeflex,8476.34,FALSE
Todd,Wallace,Asoka,5873.18,FALSE
Diana,Marshall,Sub-Ex,7681.37,FALSE
Irene,Morrison,Lotstring,667.67,FALSE
Keith,Price,Voyatouch,729.09,FALSE
Albert,Carpenter,Trippledex,5943.04,FALSE
Gerald,Willis,Holdlamis,8547.23,FALSE
Paul,Fox,Overhold,3901.75,TRUE
Cheryl,Reid,Tempsoft,1713.82,FALSE
Sara,Porter,Cardify,9902.92,FALSE
Tammy,Brown,Domainer,7359.12,FALSE
Edward,Romero,Y-find,7347.09,FALSE
Craig,Wright,Biodex,4470.42,FALSE
Keith,Watkins,Temp,3914.61,FALSE
Jason,Nelson,Regrant,8207.04,FALSE
Sean,Lewis,Vagram,4726.01,FALSE
Rachel,Richards,Sonair,4788.32,FALSE
Jean,Mendoza,Andalax,1451.29,FALSE
Juan,Martinez,Zoolab,6100.69,FALSE
Keith,Stevens,Opela,8655.78,TRUE
Shawn,Wright,Wrapsafe,6586.94,FALSE
Nicole,Gardner,Cookley,3822.32,FALSE
Clarence,Thomas,Bytecard,7565.42,FALSE
Billy,Bowman,Voltsillam,6189.31,FALSE
Jose,Harris,Sonair,96.18,FALSE
Kenneth,Cunningham,Aerified,7537.63,FALSE
Betty,Hart,Treeflex,6599.62,FALSE
Margaret,Kelley,Zontrax,1080.88,TRUE
Laura,Hicks,Biodex,8803.1,FALSE
Christina,Hicks,Tres-Zap,6470.01,FALSE
Harry,Nelson,Y-Solowarm,9735.31,FALSE
Sara,Porter,Overhold,5767.75,FALSE
Adam,Hudson,Ronstring,7674.88,FALSE
Jennifer,Williams,Tampflex,6410.17,FALSE
Andrew,Harvey,Greenlam,5881.63,FALSE
Kathy,Kelley,Sonair,2140.35,FALSE
Amy,Lane,Solarbreeze,34.97,FALSE
Diana,Burns,Tin,7228.25,FALSE
Peter,Peters,Overhold,8720.53,FALSE
Maria,Wells,Domainer,2993.52,FALSE
Cynthia,Burns,Zathin,3702.36,FALSE
Tina,Scott,Voyatouch,7026.58,FALSE
Michael,Cunningham,Konklab,2251.22,FALSE
Sarah,Holmes,Matsoft,7984.93,FALSE
Johnny,Ward,Kanlam,8518.78,FALSE
Christina,Oliver,Tempsoft,852.14,FALSE
Gregory,Stewart,Zamit,4190.77,FALSE
Mildred,Richards,Job,2094.99,FALSE
Doris,Day,Konklab,2818.68,FALSE
Mark,Wilson,Alphazap,7888.93,FALSE
Howard,Schmidt,Zoolab,3707.04,FALSE
Harold,Mason,Aerified,3530.27,FALSE
Louis,Dunn,Fintone,6879.68,FALSE
Mildred,Shaw,Otcom,5502.98,FALSE
Donald,Holmes,Fintone,7448.26,FALSE
Julie,Campbell,Stronghold,7838.05,FALSE
Jack,Scott,Konklux,5133.86,FALSE
Billy,Perkins,Bamity,4889.31,FALSE
Cheryl,Austin,Trippledex,6570.49,FALSE
Kathryn,Bishop,Sonair,8722.46,FALSE
Brandon,Weaver,Cookley,5695.69,FALSE
Sandra,Roberts,Y-Solowarm,208.16,FALSE
Laura,Roberts,Span,6427.72,FALSE
Keith,Henry,Home Ing,7491.42,FALSE
Frances,Rogers,Greenlam,3937.46,FALSE
Earl,Perez,Zamit,9531.72,FALSE
Nancy,Hunt,Mat Lam Tam,8889.63,FALSE
Sharon,Green,Fixflex,9377.88,TRUE
Randy,Greene,Y-Solowarm,1213.39,FALSE
Howard,Baker,Tempsoft,6851.68,FALSE
Dorothy,Robinson,Alphazap,1117.73,FALSE
Helen,Weaver,Alpha,7317.97,FALSE
Rachel,Simpson,Greenlam,5005.05,FALSE
Mary,Rivera,Viva,4428.9,FALSE
Debra,Ellis,Tempsoft,2877.2,FALSE
Diana,Jordan,Keylex,837.48,FALSE
Paul,Fox,Latlux,9940.21,FALSE
Joan,Gordon,Sonsing,1076.9,FALSE
Peter,Stone,Prodder,3256.75,FALSE
Ashley,Gibson,Keylex,7904.55,FALSE
Angela,Henderson,Otcom,8449.16,FALSE
William,Russell,Treeflex,3874.92,FALSE
Shawn,Johnston,Kanlam,4902.33,FALSE
Marilyn,Gonzalez,Home Ing,8242.11,FALSE
Sarah,Bell,Flexidy,5612.54,FALSE
Ralph,Woods,Home Ing,669.48,FALSE
Martin,Woods,Alpha,4858.2,FALSE
Melissa,Welch,Kanlam,3118.46,FALSE
Alan,Hunter,Duobam,8251.05,TRUE
Melissa,Thompson,Zoolab,3797.92,FALSE
Pamela,Allen,Span,3325,FALSE
Frank,Murphy,Cardguard,3572.61,FALSE
Joan,Gardner,Zoolab,1611.53,FALSE
Jimmy,Larson,Fix San,9031.44,FALSE
Ernest,Owens,Wrapsafe,303.31,FALSE
Albert,Harvey,Lotstring,7113.89,FALSE
James,Taylor,Home Ing,8662.37,FALSE
Anthony,Gray,Aerified,8734.46,FALSE
Donna,Long,Viva,7726.81,FALSE
Carol,Cox,Tempsoft,2639.5,FALSE
Carolyn,Gomez,Lotlux,9192.93,FALSE
Denise,Burns,Overhold,4737.82,FALSE
Carolyn,Butler,Fix San,6977.52,FALSE
Debra,Bennett,Flowdesk,852.72,FALSE
Tammy,Howard,Tampflex,7301.02,FALSE
Ralph,Payne,Latlux,8503.87,FALSE
Jimmy,Sullivan,Tampflex,9706.5,FALSE
Irene,Butler,Flexidy,5647.28,FALSE
Tammy,Webb,Matsoft,1755.62,FALSE
Fred,Gonzales,Viva,7668.22,FALSE
Johnny,Jordan,Otcom,1216.26,FALSE
Alice,Black,Fintone,2084.23,FALSE
Mildred,Castillo,Vagram,8072.62,FALSE
Andrew,Young,Flexidy,3227.35,FALSE
Jonathan,Howell,Rank,3337.27,FALSE
Martha,Long,Sonair,7496.17,FALSE
Roger,Rogers,Stronghold,9220.14,FALSE
John,Dunn,Vagram,6572.91,FALSE
Roger,Ray,Lotlux,5847.28,FALSE
Thomas,Burke,Tempsoft,4069.87,FALSE
Debra,Bryant,Duobam,4895.09,FALSE
Clarence,Barnes,Span,5035.64,FALSE
Barbara,Schmidt,Domainer,375.44,FALSE
Harry,Jordan,Zathin,5629.61,FALSE
Andrea,Bryant,Bitchip,1148.2,FALSE
Joyce,Graham,Bigtax,6989.19,FALSE
Todd,Phillips,Overhold,2028.2,FALSE
Nicholas,Boyd,Ventosanzap,2437.79,FALSE
Evelyn,Myers,Tempsoft,8749.55,FALSE
Martin,Ford,Tres-Zap,5264.4,FALSE
Lori,George,Bamity,5196.76,FALSE
Helen,Gibson,Namfix,8772.27,FALSE
Edward,Mendoza,Biodex,1503.55,FALSE
Antonio,Phillips,Viva,662.24,FALSE
Nicole,Palmer,Prodder,5463.26,FALSE
Martha,Allen,Toughjoyfax,2129.37,FALSE
Kelly,Chavez,Zathin,1881.47,FALSE
Matthew,Dixon,Matsoft,4315.95,FALSE
Earl,Williams,Aerified,7121.75,TRUE
Christine,Hughes,Pannier,5151.8,FALSE
Earl,Stanley,Redhold,4531.68,FALSE
Wayne,Elliott,Home Ing,8051.64,FALSE
Thomas,Stanley,Redhold,5554.93,FALSE
Edward,Burke,Flowdesk,7868.34,FALSE
Lori,Stevens,Tin,1698.11,FALSE
Chris,Rodriguez,Pannier,8579.63,FALSE
Jason,Carpenter,Zoolab,7984.8,FALSE
Sandra,Evans,Cookley,4302.68,FALSE
Samuel,Graham,Job,9553.89,FALSE
Jacqueline,Sims,It,7586.52,FALSE
Dennis,Hernandez,Subin,6143.83,FALSE
Karen,Hanson,Biodex,4130.32,FALSE
Elizabeth,Martin,Lotstring,6861.69,FALSE
Jack,Lopez,Kanlam,2560.41,FALSE
Richard,Wright,Latlux,7090.42,FALSE
Fred,Diaz,Pannier,370.49,FALSE
Pamela,Roberts,Job,2148.86,FALSE
Martin,Murray,Y-Solowarm,1545.69,FALSE
Henry,Thomas,Fixflex,9246.92,TRUE
Brandon,Chavez,Cardify,6978.44,FALSE
Carol,Ortiz,Vagram,3153.01,FALSE
Donald,Crawford,Pannier,4106.91,FALSE
David,Ferguson,Namfix,6857.53,FALSE
Andrew,Simmons,Home Ing,8400.03,FALSE
Harold,Stone,Fix San,764.77,FALSE
Scott,Daniels,Viva,6802.88,FALSE
Louise,Owens,Flowdesk,120.05,FALSE
Billy,Reed,Opela,1777.52,FALSE
Carlos,Morgan,Job,4293.34,FALSE
Janet,Nguyen,Konklab,3638.8,FALSE
Scott,Hernandez,Flexidy,2891.42,FALSE
Peter,Boyd,Vagram,2607.06,FALSE
Ruth,Fisher,Subin,7537.8,FALSE
Charles,Bailey,Subin,8668.05,FALSE
Albert,Harvey,Treeflex,1558.27,FALSE
Anne,Holmes,Tresom,9776.66,FALSE
Gloria,West,Home Ing,3817.92,FALSE
Louise,Crawford,Mat Lam Tam,3684.56,FALSE
Michael,Smith,Zoolab,1304.85,FALSE
Terry,Griffin,Fintone,4734.75,FALSE
Bruce,Richards,Ronstring,8704.96,FALSE
Kevin,Welch,Lotlux,1874.8,FALSE
Timothy,Howard,Holdlamis,295.3,FALSE
Samuel,Graham,Y-find,26.47,FALSE
Jerry,Kelly,Aerified,7802.48,FALSE
Joseph,Allen,Alpha,8297.9,FALSE
Antonio,Ortiz,Tresom,1425.85,FALSE
Philip,Wilson,Tin,8081.7,FALSE
Harold,Alvarez,Voltsillam,7960.34,FALSE
Lillian,Welch,Treeflex,6983.78,FALSE
Denise,Miller,Latlux,7248.28,FALSE
Peter,Hunt,Regrant,1545.71,FALSE
Thomas,Morgan,Stim,2272.79,FALSE
Margaret,Johnston,Zoolab,7529.68,FALSE
Brenda,Cook,Lotlux,5741.85,FALSE
Irene,Austin,Veribet,9932.47,FALSE
Jesse,Mitchell,Quo Lux,1443.03,FALSE
Mildred,Barnes,Mat Lam Tam,6039.66,FALSE
Joan,Carter,Redhold,4146.54,FALSE
Catherine,Morris,Regrant,3821.89,FALSE
Arthur,Walker,Treeflex,8005.39,FALSE
Mildred,Freeman,Cookley,4333.96,FALSE
Christine,Flores,Holdlamis,9666.62,FALSE
Frances,Lewis,Redhold,5694.62,FALSE
Rebecca,Kelly,Transcof,4303.47,FALSE
Betty,Collins,Alphazap,6533.98,FALSE
Frances,Gutierrez,Temp,9279.76,FALSE
Roger,Green,Y-find,7847.62,FALSE
Theresa,Duncan,Gembucket,8546.21,FALSE
Marilyn,Johnston,Latlux,1637.72,FALSE
Kevin,Bishop,Bamity,5869.65,FALSE
Alan,Moore,Temp,631.12,FALSE
Craig,Ward,Cardguard,8014.64,FALSE
Terry,Peters,Greenlam,7175.73,FALSE
Douglas,Stephens,Cardify,3787.47,FALSE
Rose,Griffin,Voyatouch,999.65,FALSE
Deborah,Moore,Zaam-Dox,9288.43,FALSE
George,Mitchell,Voltsillam,5412.1,FALSE
George,Day,Kanlam,7160.47,FALSE
Karen,Ryan,Bitwolf,8204.58,FALSE
Todd,Long,Ventosanzap,118.79,FALSE
Janice,Reyes,Keylex,6827.93,FALSE
Fred,Robinson,Alpha,5885.96,FALSE
Susan,Reynolds,Vagram,1203.42,FALSE
Paul,Elliott,Flowdesk,8378.85,FALSE
Arthur,Perry,Bytecard,7506.35,FALSE
Tammy,Cole,Treeflex,2123.46,FALSE
Maria,Lewis,Greenlam,5575.84,FALSE
Maria,Rice,Cookley,2908.59,FALSE
Janet,Crawford,Sub-Ex,2693.49,FALSE
Eric,Brown,Prodder,8670.87,FALSE
Ralph,Woods,Tampflex,7255.77,FALSE
Peter,Rivera,Solarbreeze,8237.17,FALSE
Catherine,Rogers,Daltfresh,1301.99,FALSE
Juan,Washington,Treeflex,6955.62,FALSE
Jessica,Armstrong,Greenlam,9321.35,FALSE
Harold,Reid,Voltsillam,8479.48,FALSE
Cynthia,Kelley,Gembucket,8307.18,FALSE
Ryan,Henry,Matsoft,6041.19,FALSE
Judy,Green,Subin,5691.46,FALSE
Harold,Ray,Zaam-Dox,4996.07,FALSE
Dorothy,Alvarez,Voltsillam,7334.42,FALSE
Mary,Sullivan,Prodder,7405.34,FALSE
Betty,Bishop,Asoka,5022.38,FALSE
Nicholas,Olson,Keylex,7835.93,FALSE
Tammy,Stanley,Subin,236.19,FALSE
Bonnie,Williamson,Flowdesk,1000.1,FALSE
Stephanie,Riley,Cookley,8481.67,FALSE
Gary,Gilbert,Cardguard,7307.68,FALSE
Barbara,Kennedy,Transcof,2964.07,FALSE
Howard,Barnes,Tin,65.5,FALSE
Mark,Bell,Konklab,7574.65,FALSE
Robin,Simmons,Lotlux,6687.4,FALSE
Robert,Black,Fix San,7343.39,FALSE
Kenneth,Bradley,Viva,294.48,FALSE
Martin,Reynolds,Lotstring,8378.87,FALSE
Jerry,Daniels,Overhold,398.01,FALSE
Andrea,Sullivan,Cardguard,3583.33,FALSE
Ruth,Jones,Stringtough,2434.54,FALSE
Victor,Reynolds,Zontrax,2557.18,FALSE
Rebecca,Lee,Zaam-Dox,6554.84,TRUE
Russell,Hill,Alpha,4111.55,FALSE
Debra,Romero,Andalax,1987.98,FALSE
David,Ellis,Namfix,3827.9,FALSE
Paul,Johnson,Alphazap,9221.63,FALSE
Ronald,Cole,Vagram,3081.26,FALSE
Carol,Welch,Voltsillam,101.89,FALSE
Jean,Banks,Sonsing,3416.81,FALSE
Carlos,Weaver,Veribet,3271.66,FALSE
Nicholas,Thomas,Matsoft,1637.63,FALSE
Philip,Moore,Fix San,4505.44,FALSE
Rachel,Myers,Fintone,4149.86,FALSE
Diane,Taylor,Zathin,2892.08,FALSE
Carl,West,Cookley,7490.43,FALSE
Brian,Simmons,Stim,2892.33,FALSE
Ashley,Little,Alphazap,7612.87,FALSE
Michelle,Butler,Ventosanzap,6627.89,FALSE
Jerry,Graham,Span,8343.37,FALSE
Janet,Henry,Daltfresh,7384.62,FALSE
Ruth,Ramirez,Hatity,4828.34,FALSE
Samuel,Cruz,Duobam,1811.83,FALSE
Shirley,Martin,Tempsoft,7796.11,FALSE
Patrick,Gibson,Lotstring,7219.66,FALSE
Daniel,Fisher,Treeflex,4086.28,FALSE
Amanda,Sims,Home Ing,4332.02,FALSE
Kenneth,Adams,Y-find,4420.51,FALSE
Andrea,Campbell,Zontrax,5513.85,FALSE
Cynthia,Price,Viva,8841.03,FALSE
Henry,Edwards,Lotstring,6641.67,FALSE
Jacqueline,Harvey,Daltfresh,9844.65,FALSE
Andrew,Foster,Trippledex,9279.32,FALSE
Karen,Fox,Tempsoft,87.09,FALSE
Todd,Wallace,Asoka,7772.48,FALSE
Jack,Lane,Lotlux,328.02,FALSE
Tina,Griffin,Pannier,5627.52,FALSE
Russell,Gonzalez,Konklux,8249.42,FALSE
Mildred,Griffin,Vagram,8849.57,FALSE
Chris,Lynch,Span,9847.64,FALSE
Benjamin,Peterson,Y-find,314.53,FALSE
Jane,Fowler,Cardguard,5355.72,FALSE
Robert,Phillips,Konklab,6227.51,FALSE
Julia,Meyer,Pannier,2145.12,FALSE
Kimberly,Harper,Home Ing,9754.68,FALSE
Paul,Weaver,Bigtax,8823.29,FALSE
Diane,Ray,Bitchip,3341,FALSE
Barbara,Ford,Hatity,7827.57,FALSE
Jonathan,Arnold,Pannier,3163.13,FALSE
Diana,Perkins,Prodder,681.97,FALSE
Jonathan,Morgan,Overhold,9831.72,FALSE
Kathleen,Harper,Tampflex,9147.08,FALSE
Edward,Riley,Overhold,595.18,FALSE
Evelyn,Little,Stronghold,220.79,FALSE
Pamela,Washington,Quo Lux,3296.79,FALSE
Patrick,Moreno,Rank,8873.59,FALSE
Nicole,White,Opela,5935.15,FALSE
Donna,Wood,Konklab,4897.22,FALSE
Ralph,Garrett,Aerified,4464.36,FALSE
Daniel,Powell,Flexidy,8489.09,FALSE
Jesse,Lee,Rank,7169.49,FALSE
Charles,Mitchell,Matsoft,5768.93,FALSE
Russell,Simmons,Daltfresh,2683.32,FALSE
Bonnie,Arnold,Viva,2137.59,FALSE
Lawrence,Austin,Matsoft,3450.7,FALSE
Virginia,Stone,Opela,3189.84,FALSE
Kathy,Mills,Sub-Ex,4855.74,FALSE
Christina,Carroll,Treeflex,6478.68,TRUE
Linda,Miller,Prodder,8018.19,FALSE
Heather,Lopez,Tin,5506.67,FALSE
Michael,Peters,Cardguard,5113.73,FALSE
Kathleen,Taylor,Stronghold,2927.27,FALSE
Joshua,Washington,Alphazap,7461.6,FALSE
Steven,Hanson,Zathin,6809.92,FALSE
Jessica,Rose,Redhold,1783.71,FALSE
Annie,Oliver,Lotlux,4515.09,FALSE
Ruby,Cooper,It,8256.57,FALSE
Victor,Howard,Y-find,8661.18,FALSE
Rebecca,Bennett,Veribet,2094.77,FALSE
Jimmy,Lawrence,Zamit,1418.43,FALSE
Lillian,Campbell,Voyatouch,820.01,FALSE
John,Jones,Trippledex,4078.21,FALSE
Kathleen,Long,Bamity,2799.88,FALSE
Tina,Hansen,Subin,179.77,FALSE
Robin,Duncan,Andalax,7258.2,FALSE
Raymond,Chapman,Aerified,3851.61,FALSE
Donna,Campbell,Fintone,370.93,FALSE
Linda,Gordon,It,118.01,FALSE
Benjamin,Kelley,Konklux,3513.08,FALSE
Theresa,Duncan,Biodex,7217.24,FALSE
Kathleen,Sanchez,Toughjoyfax,2556.8,FALSE
Frank,Graham,Stim,6349.07,FALSE
Ryan,Romero,Andalax,5152.97,FALSE
Phillip,Kelly,Span,2777.62,FALSE
Henry,Scott,Sonsing,8173.72,FALSE
Judy,Hayes,Temp,410.57,FALSE
Frances,Graham,Trippledex,717.74,FALSE
Kevin,Medina,Y-find,5832.73,FALSE
Stephen,Harrison,Trippledex,5897.4,FALSE
Sara,Mills,Sonair,6852.98,FALSE
Jean,Chapman,It,8648.96,FALSE
Sandra,Marshall,Zathin,4024.63,FALSE
Judy,Wood,Opela,1082.3,FALSE
Wanda,Stanley,Hatity,3125.64,FALSE
Stephen,Spencer,Subin,6376.96,FALSE
Deborah,Armstrong,Pannier,1937.76,FALSE
Arthur,Thompson,Opela,1167.63,FALSE
Willie,Foster,Zaam-Dox,3433.57,FALSE
Billy,Ford,Voyatouch,973.06,FALSE
Ronald,Elliott,Tampflex,3250.49,FALSE
Shirley,Lee,Cardguard,1591.51,FALSE
Sean,Stanley,Tres-Zap,2374.53,FALSE
Wayne,Crawford,Stronghold,1873.38,FALSE
Paul,Mitchell,Bitwolf,7994.47,FALSE
Earl,Morgan,Stronghold,2844.8,FALSE
Willie,Snyder,Keylex,3818.6,FALSE
Kenneth,Jenkins,Toughjoyfax,8181.91,FALSE
Shirley,Medina,Prodder,1155.34,FALSE
Debra,Castillo,Daltfresh,6772.14,FALSE
Anna,Holmes,Daltfresh,8199.22,FALSE
Margaret,Riley,Span,3135.76,FALSE
Gregory,Thomas,Gembucket,5409.95,FALSE
Marilyn,Hicks,Home Ing,261.74,FALSE
Louis,Andrews,Bamity,6721.01,FALSE
Brian,Oliver,Toughjoyfax,4816.53,FALSE
Rachel,Lawrence,Cardguard,6537.11,FALSE
Scott,Simpson,Sub-Ex,7275.94,FALSE
Shawn,Thomas,Transcof,5571.96,FALSE
Paula,Ortiz,Rank,6454.28,FALSE
Paula,Fowler,Stronghold,3828.43,FALSE
Craig,Marshall,Trippledex,995.5,FALSE
Ann,Gardner,Regrant,4527.18,FALSE
Angela,Mason,Duobam,8755.04,FALSE
Willie,Franklin,Y-find,9765.18,FALSE
Ruby,Diaz,Temp,8759.77,FALSE
Samuel,Williams,Vagram,9766.9,FALSE
Gregory,Ellis,Biodex,1087.69,FALSE
Evelyn,Baker,Alphazap,8760.37,FALSE
David,Martinez,Cardguard,4929.58,FALSE
Katherine,Williamson,Ronstring,8626.14,FALSE
Kimberly,Rivera,Greenlam,8710.9,FALSE
Ronald,Fuller,Holdlamis,4527.04,FALSE
Diane,Garcia,Stringtough,7414.9,FALSE
Benjamin,Alvarez,Stronghold,6274.31,FALSE
Marie,Gomez,Zoolab,5754.22,FALSE
Lori,Griffin,Aerified,5214.88,FALSE
Lois,Palmer,Lotlux,5337.45,FALSE
Christopher,Ramos,Fixflex,7568.77,FALSE
Gloria,Ross,Prodder,3059.24,FALSE
Joseph,Woods,Sonsing,66.53,FALSE
Fred,Carr,Otcom,3349.64,FALSE
Henry,Dean,Andalax,6490.83,FALSE
Norma,Simpson,Alphazap,8310.59,FALSE
Judy,Woods,Konklab,4182.77,FALSE
Jeremy,Armstrong,Home Ing,4753.1,FALSE
Thomas,Snyder,Zoolab,8534.95,FALSE
Shirley,Johnston,Y-Solowarm,5672.35,FALSE
Juan,Willis,Solarbreeze,1535.74,FALSE
Mildred,Coleman,Domainer,9224.44,FALSE
Ernest,Palmer,Zathin,6359.48,FALSE
Willie,Garcia,Tin,4448.55,FALSE
Howard,Alexander,It,2841.41,FALSE
Justin,Sanchez,Viva,3498.03,FALSE
Craig,Williamson,Treeflex,2237.3,FALSE
Stephanie,Hansen,It,2363.08,FALSE
Jesse,Price,Zaam-Dox,149.58,FALSE
Tammy,Kelley,Quo Lux,6352.38,FALSE
Marilyn,Bell,Flexidy,3103.28,FALSE
Roy,Pierce,Flowdesk,4691.2,FALSE
Lillian,Olson,Pannier,5712.47,FALSE
Patricia,Torres,Toughjoyfax,1695.55,FALSE
Terry,Parker,Keylex,8481,FALSE
Margaret,Ross,Job,2771.69,FALSE
Timothy,Williamson,Tempsoft,1621.6,FALSE
Robert,Fields,Daltfresh,2449.4,FALSE
Maria,Bennett,Trippledex,3181.17,FALSE
Justin,Davis,Stringtough,31.46,FALSE
Norma,Payne,Duobam,1757.1,FALSE
Ralph,Baker,Greenlam,8338.89,FALSE
Paul,Torres,Toughjoyfax,7106.18,FALSE
Cheryl,Little,Overhold,4988.58,FALSE
Catherine,Ferguson,Flowdesk,5336.48,FALSE
Kenneth,Ortiz,Latlux,9974.8,FALSE
Louise,Garza,Fixflex,5435.62,FALSE
Mildred,Ferguson,Greenlam,3425.53,FALSE
Joshua,Howell,Bamity,3937.4,FALSE
Sandra,Bishop,Regrant,9611.12,FALSE
Jerry,Hamilton,Home Ing,474.06,FALSE
Ryan,Weaver,Subin,9456.02,FALSE
Willie,King,Y-Solowarm,2905.16,FALSE
Roy,Porter,Veribet,4323.26,FALSE
Diana,Long,Voltsillam,1746.46,FALSE
Jean,Carter,Tin,6357.43,FALSE
Larry,Gibson,Mat Lam Tam,4655.97,FALSE
Jeffrey,Owens,Pannier,8151.38,FALSE
Ann,Johnson,Gembucket,4652.92,FALSE
Eric,Shaw,Voltsillam,6329.24,FALSE
Jesse,Austin,Domainer,9953.37,FALSE
Daniel,Butler,Stim,1391.97,FALSE
Kevin,Daniels,Otcom,8854.07,FALSE
Todd,Warren,It,1783.04,FALSE
Jacqueline,George,Gembucket,738.77,FALSE
Steven,Castillo,Biodex,1380.65,FALSE
Craig,Kelly,Andalax,4467.13,FALSE
Gary,Spencer,Tresom,4289.25,FALSE
Ralph,Hanson,Gembucket,9742.68,FALSE
Carl,Moreno,Flowdesk,3323.99,FALSE
Nicole,Bradley,Toughjoyfax,2684.37,FALSE
Harold,Reed,Tempsoft,8333.56,FALSE
Denise,Bishop,Vagram,9068.24,FALSE
Ruby,Fernandez,Tempsoft,5594.61,FALSE
Alan,Collins,Temp,2064.04,FALSE
Ryan,Hayes,Span,8421.25,FALSE
Norma,Rose,Alphazap,2947.02,FALSE
Dennis,Ross,Konklux,1324.71,FALSE
Alan,Coleman,Subin,9470.54,FALSE
Anne,Rogers,Cookley,9628.12,FALSE
Peter,Simpson,Solarbreeze,5916.1,FALSE
Paul,Frazier,Bytecard,9603.5,FALSE
Rebecca,Howell,Bigtax,6202.76,FALSE
Jeffrey,Bowman,Zoolab,9070.27,FALSE
Patrick,Wagner,Prodder,7116.85,FALSE
Janice,Fields,Rank,8403.46,FALSE
Christine,Evans,Home Ing,1748.4,FALSE
Joe,Nichols,Quo Lux,3117.14,FALSE
Ruth,Evans,Transcof,603.31,FALSE
Louise,Boyd,Bitchip,8125.58,FALSE
Andrea,Rose,Ronstring,9577.73,FALSE
Christina,Wood,Tampflex,8939.55,FALSE
Jack,Gonzales,Zathin,5696.57,FALSE
Roger,Day,Tampflex,8093.95,FALSE
Gloria,Ray,Mat Lam Tam,6613.77,FALSE
Betty,Reyes,Pannier,2105.62,FALSE
Randy,Snyder,Wrapsafe,7051.16,FALSE
Harold,Collins,Solarbreeze,9589.74,FALSE
Susan,Sullivan,Sonair,5646.11,FALSE
Arthur,Marshall,Domainer,3237.67,FALSE
Anne,Carroll,Greenlam,266.92,FALSE
Raymond,Gonzales,Prodder,3259.4,FALSE
Anna,Marshall,Kanlam,8643.22,FALSE
Dorothy,Sullivan,Gembucket,3335.4,FALSE
Jesse,Fuller,Alphazap,1423.16,FALSE
Eugene,Simmons,Flexidy,6576.61,FALSE
Douglas,Morales,Sonsing,9620.4,FALSE
Joshua,Black,Tin,8532.76,FALSE
Nicholas,Sanders,Holdlamis,3312.24,FALSE
Sandra,Richardson,Stringtough,6195.32,FALSE
Brian,Hawkins,Fixflex,7631.32,FALSE
Andrea,Cunningham,Ronstring,2137.53,FALSE
Lawrence,Frazier,Lotstring,8287.22,FALSE
David,Armstrong,Tin,7722.62,FALSE
Anne,Burton,Home Ing,3452.84,FALSE
Raymond,Howell,Bytecard,2740.34,FALSE
Michelle,Medina,Andalax,8269.02,FALSE
Ralph,Kelly,Otcom,1522.44,FALSE
Michelle,Russell,Tin,5288.11,FALSE
Ruth,Wilson,Job,3164.76,FALSE
Andrew,Gordon,Mat Lam Tam,7449.38,FALSE
Kevin,Stanley,It,6013.95,FALSE
Catherine,Meyer,Prodder,1913.53,FALSE
Michael,Cruz,Solarbreeze,8923.13,FALSE
Edward,Arnold,Stim,576.92,FALSE
Paula,Carroll,Latlux,5837.04,FALSE
Brenda,West,Duobam,3660.3,FALSE
Shirley,Alvarez,Holdlamis,7590.65,FALSE
Jennifer,Watson,Wrapsafe,8695.44,FALSE
Louis,Graham,Fintone,3546.24,FALSE
Sandra,Andrews,Home Ing,2790.75,FALSE
Patrick,Butler,Fintone,9334.76,FALSE
Craig,Stanley,Viva,5398.35,FALSE
Adam,Mcdonald,Viva,9057.66,FALSE
Louise,Peterson,Bitchip,1998.37,FALSE
Diane,Bell,Mat Lam Tam,9696.65,FALSE
Frances,Mccoy,Voyatouch,1652.15,FALSE
Bobby,Bennett,Fix San,961.58,FALSE
Ashley,Brooks,Ronstring,4931.08,FALSE
Antonio,Grant,Daltfresh,3244.9,FALSE
John,Romero,Ventosanzap,676.94,FALSE
Kimberly,Gardner,Zontrax,2271.69,FALSE
Amanda,Murphy,Ventosanzap,3993.38,FALSE
Kathleen,Dixon,Tin,4115.26,FALSE
Frank,Nichols,Viva,2126.92,FALSE
Harry,Fisher,Greenlam,4141.75,FALSE
Dennis,Howard,Tres-Zap,3852.46,FALSE
Diane,Snyder,It,5436.51,FALSE
Benjamin,Lynch,Daltfresh,8435.13,FALSE
Louise,Sanchez,Overhold,2930.51,FALSE
Donald,Freeman,Sonsing,8505.25,FALSE
Christopher,Morales,Zontrax,4309.49,FALSE
Kevin,Wallace,Home Ing,5918.98,FALSE
Gerald,Gonzales,Bitchip,1297.35,FALSE
Joe,Brooks,Stim,3648.2,FALSE
Debra,Fox,Keylex,3684.5,FALSE
Louise,Ryan,It,7840.45,FALSE
Thomas,Johnson,Tres-Zap,7486.36,FALSE
Jessica,Kennedy,Greenlam,9021.96,FALSE
Peter,Taylor,Wrapsafe,3052.31,FALSE
Judith,Day,Treeflex,8275.24,TRUE
Tammy,Black,Y-find,9776,FALSE
Jimmy,Kelley,Home Ing,7960.39,FALSE
Annie,Franklin,Y-find,3638.82,FALSE
Patricia,Cook,Regrant,1523.82,FALSE
Johnny,Powell,Fix San,8363.15,FALSE
Andrew,Stone,Zaam-Dox,3081.98,FALSE
Andrea,Green,Tres-Zap,809.1,FALSE
Diana,Garrett,Flexidy,9803.32,FALSE
Scott,Lee,Opela,5696.25,FALSE
Louis,Turner,Lotlux,5998.69,FALSE
Barbara,Phillips,Tampflex,6293.57,FALSE
Anna,Lynch,Subin,4728.8,FALSE
Gloria,Perry,Bytecard,526.84,FALSE
Annie,Grant,Andalax,6447.91,FALSE
Diane,Hanson,Span,8399.92,FALSE
Jimmy,Wallace,Voltsillam,4421.42,FALSE
Donald,Nguyen,Sub-Ex,7292.01,FALSE
Eric,Ford,Bigtax,7458.72,FALSE
Mildred,Long,Cardify,4896.93,FALSE
Samuel,Kelley,Zaam-Dox,2859.09,FALSE
Brandon,Morales,Treeflex,4107.85,FALSE
Dennis,Jacobs,Zoolab,9147.78,FALSE
Steve,Burns,Wrapsafe,8775.43,FALSE
Stephanie,Kelly,Span,1068.32,FALSE
Linda,Mason,Hatity,1382.26,FALSE
Pamela,Hughes,Stringtough,4075.82,FALSE
Jennifer,Richardson,Aerified,40.34,FALSE
Harold,Williamson,Solarbreeze,8911.18,FALSE
Jane,Chapman,Sonsing,3993.46,FALSE
Louise,Bradley,Zathin,8056.14,FALSE
Joshua,Bradley,Trippledex,6119.02,FALSE
Rachel,King,Flexidy,7429.09,FALSE
Robin,Young,Lotlux,8357.76,FALSE
Patrick,Campbell,Cookley,2489.94,FALSE
Rebecca,Wilson,Opela,3152.13,FALSE
Steven,Simmons,Overhold,6727.51,FALSE
Brandon,Johnston,Tres-Zap,3909.32,FALSE
Laura,Franklin,Mat Lam Tam,465.6,FALSE
Kenneth,Kelley,Tres-Zap,8858.03,FALSE
Katherine,Willis,Viva,9922.61,FALSE
Catherine,Bowman,Opela,4051.11,FALSE
Pamela,Howard,Sub-Ex,6794.66,FALSE
Steve,Martinez,Sonsing,4731.4,FALSE
Roger,Ford,Flowdesk,616.37,FALSE
Larry,Campbell,Fixflex,7079.61,FALSE
Russell,Ruiz,Subin,9013.61,FALSE
Richard,Martin,Y-find,790.42,FALSE
Ruth,Johnson,Konklab,5636.69,FALSE
Marie,Bowman,Redhold,4933.75,FALSE
Arthur,Flores,Sonair,6792.27,FALSE
Juan,Young,Home Ing,807.87,FALSE
Kenneth,Rivera,Sub-Ex,9065.13,FALSE
David,Little,Biodex,9895.3,FALSE
Michelle,Rodriguez,Alpha,2766.1,FALSE
Lawrence,Hill,Matsoft,3126.38,FALSE
Theresa,Hernandez,Matsoft,256.63,FALSE
Earl,Harris,Zathin,3134.61,FALSE
Nicole,Lane,Viva,1607.84,FALSE
Charles,Berry,Sonair,9579.03,FALSE
George,Franklin,Pannier,9631.68,FALSE
Willie,Greene,Overhold,1312.28,FALSE
Sara,Thompson,Biodex,1324.14,FALSE
Louis,Thompson,Subin,9615.99,FALSE
Alan,Day,Zontrax,7975.89,FALSE
Ronald,Powell,Otcom,2318.09,FALSE
Gary,Rice,Cookley,7780.74,FALSE
Peter,Gomez,Temp,9300.99,TRUE
Joe,Matthews,Y-find,6359.1,FALSE
Edward,Murray,Ronstring,7759.41,FALSE
Gary,Boyd,Sonair,3605.01,FALSE
Michelle,Lewis,Voyatouch,633.51,FALSE
Lisa,Wallace,Daltfresh,2366.95,FALSE
Andrew,Shaw,Vagram,1444.34,FALSE
Pamela,Lopez,Namfix,2811.54,FALSE
Theresa,Robinson,Bamity,3223.03,FALSE
Tammy,Diaz,Cardify,6040.27,FALSE
Nicole,Owens,Tres-Zap,1594.86,FALSE
Gloria,Lane,Alpha,5163.12,FALSE
Gary,Anderson,Duobam,4571.9,FALSE
Henry,Watkins,Otcom,1288.89,FALSE
Dennis,Lynch,Job,8070.47,FALSE
Steven,Garcia,Job,3835.77,FALSE
Billy,Ward,Bitchip,6474.03,FALSE
Terry,Fuller,Tin,8257.32,FALSE
Gloria,Coleman,Duobam,7532.45,FALSE
Carl,Lee,Flexidy,3760.58,FALSE
Terry,Burton,Zontrax,8597.13,FALSE
Evelyn,Williamson,Kanlam,6831.44,FALSE
Teresa,Perry,Span,1256.96,FALSE
Joan,Flores,Pannier,2029.61,FALSE
Jacqueline,Hill,Zontrax,3508.96,FALSE
Henry,Ruiz,Quo Lux,2069.67,FALSE
Joyce,Fisher,Bigtax,3482.12,FALSE
Harry,Bailey,Opela,8426.59,FALSE
Margaret,Boyd,Lotstring,5029.85,FALSE
Jennifer,Harrison,Duobam,8965.8,FALSE
Karen,Hill,Cardguard,7728.19,FALSE
Richard,Schmidt,Flowdesk,2391.25,FALSE
Sean,Grant,Domainer,809.35,FALSE
Shawn,Stevens,Ventosanzap,5880.78,FALSE
Andrea,Moreno,Keylex,9650.8,FALSE
Raymond,Fernandez,Otcom,8572.01,FALSE
Adam,Mason,Transcof,5167.7,FALSE
Michelle,Cole,Trippledex,7439.33,FALSE
Ryan,Williams,Latlux,1063.46,FALSE
Joyce,Fernandez,Fintone,1830.74,FALSE
Angela,Perez,Redhold,1987.35,FALSE
Fred,Austin,Latlux,6934.29,FALSE
Sean,Fisher,Sonsing,836.32,FALSE
Catherine,Weaver,Quo Lux,2437.89,FALSE
Dorothy,Cole,Cookley,7535.03,FALSE
Robert,Boyd,Transcof,5275.5,FALSE
Ronald,Murray,It,1376.05,FALSE
Gloria,Bailey,Tempsoft,4246.96,FALSE
Amy,Cooper,Job,6984.22,FALSE
Earl,Gutierrez,Alpha,753.51,FALSE
Bruce,Myers,Subin,19.81,FALSE
Richard,Kelly,Biodex,7559.73,FALSE
Victor,Cooper,Regrant,4318.37,FALSE
Diana,Nichols,Asoka,9213.23,FALSE
Jean,Medina,Wrapsafe,4380.08,FALSE
Matthew,Jones,Konklab,3342.33,FALSE
Gary,Davis,Lotstring,5796.31,FALSE
Cheryl,Shaw,Biodex,2869.07,FALSE
Katherine,Hawkins,Holdlamis,3608.19,FALSE
Linda,Grant,Tampflex,413.6,FALSE
Nicholas,Black,Tampflex,7868.79,FALSE
Ashley,Fields,Tresom,5898.55,FALSE
Beverly,Hamilton,Lotstring,1481.63,FALSE
Pamela,Matthews,Treeflex,4465.2,FALSE
Stephen,Perez,Greenlam,7153.37,FALSE
Kelly,Tucker,Ronstring,1117.13,FALSE
Susan,Medina,Andalax,1564.81,FALSE
Kenneth,Woods,Y-find,2998.74,FALSE
Wayne,Sanders,Zontrax,8567.96,FALSE
Nicholas,Duncan,Subin,9926.73,FALSE
Joe,Diaz,Voyatouch,9436.9,FALSE
David,Gibson,Aerified,3317.33,FALSE
Brian,James,Mat Lam Tam,2217.36,FALSE
Ruth,Hunt,Cardify,2062.66,FALSE
Ronald,Larson,Voltsillam,2353.33,FALSE
Alan,Gordon,Wrapsafe,3874.48,FALSE
Deborah,Burns,Bitwolf,3031.65,FALSE
Michelle,Cox,Daltfresh,7925.93,FALSE
Judith,Gardner,Tin,4402.85,FALSE
Ann,Johnson,Solarbreeze,5654.64,FALSE
Lisa,Gonzales,Treeflex,3384.72,FALSE
Ralph,Stewart,Fintone,7607.07,FALSE
Helen,Rogers,Andalax,6247.21,FALSE
Jean,Snyder,Fixflex,1254.86,FALSE
Brian,Burton,Cardify,6681.73,FALSE
Ronald,Murray,Otcom,3406.44,FALSE
Kevin,Bell,Bitwolf,8277.33,FALSE
Willie,Davis,Bytecard,8837.09,FALSE
Paula,Rodriguez,Biodex,9460.13,FALSE
Deborah,Spencer,Voyatouch,6624.57,FALSE
Ruth,Morrison,Zathin,369.69,FALSE
Julia,Franklin,Voyatouch,7381.52,FALSE
Randy,Howard,Treeflex,6519.94,FALSE
Irene,Ray,Rank,3345.15,FALSE
Jeffrey,Reed,Cardify,6151.87,FALSE
Joe,Stanley,Cardify,3043.72,FALSE
Mildred,Franklin,Zontrax,4723.36,FALSE
Carl,Hernandez,Matsoft,1407.7,FALSE
Howard,Bowman,Latlux,9781.71,FALSE
Earl,Martinez,Alphazap,3616.33,FALSE
William,Bradley,Trippledex,2697.27,FALSE
Rachel,Martin,Stringtough,9295.45,FALSE
Ryan,Ramos,Lotstring,9994.32,FALSE
Robert,Hill,Bitchip,3862.52,FALSE
Steven,Elliott,Kanlam,1460.26,FALSE
Carolyn,Peterson,Voyatouch,9878.56,FALSE
Timothy,Hawkins,Viva,887.34,FALSE
Joyce,Cooper,Holdlamis,8133.22,FALSE
Teresa,Williams,Bitchip,6076.3,FALSE
Billy,Powell,Hatity,3759.58,FALSE
Jacqueline,Rogers,Konklux,2978.54,FALSE
Howard,Kelley,Matsoft,6972.91,FALSE
Benjamin,Andrews,Ronstring,7750.66,FALSE
Patrick,Wright,Biodex,1816.31,FALSE
Craig,Palmer,Konklux,1688.86,FALSE
Russell,Garrett,Stringtough,2499.89,FALSE
Christopher,Bowman,Zamit,9523.23,FALSE
Bobby,Harrison,Bigtax,8112.14,FALSE
Randy,Stevens,Viva,7543.57,FALSE
Lillian,Gutierrez,Bitchip,2889.27,FALSE
Billy,Dunn,Matsoft,4818.05,FALSE
Lois,Ford,Fixflex,1062.23,FALSE
Stephanie,Knight,Keylex,543.03,FALSE
Randy,Ford,Tempsoft,2492.44,FALSE
Earl,Ward,Trippledex,1979.38,FALSE
Susan,Nelson,Hatity,8055.84,FALSE
Billy,Elliott,Zoolab,6047.67,FALSE
Louise,Knight,Flowdesk,9254.4,FALSE
Ruth,Ramirez,Viva,9232.37,FALSE
Jean,Mccoy,Tin,1405.43,FALSE
Keith,Lane,Transcof,4023.35,FALSE
Margaret,Fuller,Toughjoyfax,2507.55,FALSE
Richard,Palmer,Aerified,7135.36,FALSE
Janet,Stone,Vagram,1413.82,FALSE
Craig,Bell,Span,2782.25,FALSE
Patrick,Cunningham,Domainer,1577.49,FALSE
Deborah,Jordan,Stringtough,4925.72,FALSE
Shirley,Morales,Quo Lux,2957.57,FALSE
Laura,James,Zontrax,5739.48,FALSE
Wayne,Gray,Transcof,4058.28,FALSE
Annie,Reynolds,Asoka,6120.3,FALSE
Heather,Hudson,Lotlux,645.63,FALSE
Diane,Mitchell,Subin,6744.19,FALSE
Susan,Armstrong,Greenlam,830.57,FALSE
Scott,Grant,Fix San,6442.75,FALSE
Randy,Webb,Holdlamis,1592.23,FALSE
Terry,Spencer,Overhold,4012.64,FALSE
Patricia,Romero,Biodex,7781,FALSE
Frances,Lee,Solarbreeze,6565.7,FALSE
Raymond,Meyer,Bitchip,377.31,FALSE
Marie,Shaw,Cardguard,2844.77,FALSE
Doris,Sanders,Zontrax,8174.45,FALSE
Carolyn,Dunn,Toughjoyfax,1112.03,FALSE
Ryan,Hunt,Bigtax,1504.58,TRUE
Christopher,Stevens,Namfix,543.38,FALSE
Ruth,Howard,Cookley,8473.55,FALSE
Arthur,Graham,Prodder,2635.24,FALSE
Benjamin,Hunter,Otcom,5042.93,FALSE
Charles,Simpson,Stringtough,7604.59,FALSE
Robin,Mcdonald,Stronghold,8063.51,FALSE
Catherine,Gomez,Konklab,2799.65,FALSE
Deborah,Diaz,Latlux,193.87,FALSE
Stephanie,Grant,Subin,55.34,FALSE
Barbara,Romero,Bitchip,4162.89,FALSE
Annie,Gibson,Opela,5509.36,FALSE
Shirley,Matthews,Biodex,7902.22,FALSE
Diane,Bell,Fintone,124.83,FALSE
Jerry,Peters,Overhold,3678.29,FALSE
Helen,Ramirez,Sonsing,8561.67,FALSE
Bobby,Reid,Fixflex,9519.32,FALSE
Judy,Cruz,Bytecard,9933.68,FALSE
Bobby,Watson,Sonsing,5507.08,FALSE
Karen,Long,Ronstring,9845.76,FALSE
Scott,Johnston,Tin,5640.43,FALSE
Diana,Rice,Konklux,8470.96,FALSE
Dennis,Mason,Cookley,7482.34,FALSE
Roy,Fisher,Fixflex,8496.26,FALSE
Norma,Ellis,Opela,726.72,FALSE
Robert,Robertson,Ventosanzap,2134.39,FALSE
Roy,Hunter,Bitchip,6746.22,FALSE
Lillian,Robertson,Subin,4634.34,FALSE
Martha,Dixon,Greenlam,3650.16,FALSE
Richard,Wallace,Sonsing,396.27,FALSE
Justin,Bailey,Fix San,8581.97,FALSE
Thomas,Fisher,Voyatouch,2515.59,FALSE
Robert,Shaw,Cardify,2750.48,FALSE
Charles,Reynolds,Kanlam,8568.79,FALSE
Melissa,Frazier,Bytecard,1402.29,FALSE
Alice,Ramos,Cardify,3063.5,FALSE
Mildred,Mills,It,2689.9,FALSE
Brandon,Harper,Bitchip,8268.8,FALSE
Carolyn,Diaz,Namfix,3296.91,FALSE
Angela,Brown,Hatity,2015.05,FALSE
Joyce,Coleman,Transcof,505.08,FALSE
Rose,Jenkins,Redhold,605.45,FALSE
Sara,Morrison,Flexidy,8088.91,FALSE
Sarah,Hill,Daltfresh,1213.85,FALSE
Shirley,Rose,Tin,6880.21,FALSE
Gary,Mendoza,Cookley,314.09,FALSE
Deborah,Robertson,Viva,6320.11,FALSE
Julia,Nelson,Mat Lam Tam,8248.15,FALSE
Michelle,Nelson,Sonair,5264.99,FALSE
Mildred,Larson,Sonsing,3985.22,FALSE
Larry,Reyes,Ronstring,9454.34,FALSE
Joan,Medina,Latlux,310.74,FALSE
Bonnie,Hart,Keylex,2258.84,FALSE
Chris,Bailey,Tresom,7130.19,FALSE
Marilyn,Arnold,Toughjoyfax,3558.52,FALSE
Phyllis,Elliott,Tres-Zap,4774.87,FALSE
Kenneth,Mason,Namfix,8818.3,FALSE
Jerry,Bishop,Lotstring,5883.86,FALSE
Eugene,Price,Quo Lux,513.22,FALSE
Alan,Kelley,Holdlamis,4605.84,FALSE
Jeremy,Morris,Stringtough,611,FALSE
Margaret,Montgomery,Zathin,9498.29,FALSE
Keith,Fuller,Otcom,5688.9,FALSE
Emily,White,Aerified,7899.29,FALSE
Carolyn,Bishop,Ventosanzap,4916.76,FALSE
Brian,Reid,Bitchip,2979.44,FALSE
Rebecca,Cox,Namfix,1908.09,FALSE
Annie,Myers,Andalax,9240.15,FALSE
Helen,Hughes,Sub-Ex,2595.36,FALSE
Martha,Hanson,Alphazap,8510.98,FALSE
Rachel,Brooks,Tresom,1125.43,FALSE
Todd,Myers,Konklux,3447.18,FALSE
Arthur,Green,Quo Lux,9983.45,TRUE
Sandra,Grant,Bitchip,1396.61,FALSE
Anthony,Gilbert,Zathin,9428.69,FALSE
Pamela,George,Fintone,5359.02,FALSE
Martin,Freeman,Latlux,1233.8,FALSE
Gloria,Henry,Subin,5854.25,FALSE
Fred,Wright,Zamit,7562.92,FALSE
Brandon,Carter,Sonair,9772.27,FALSE
Keith,Harvey,Subin,2179.87,FALSE
Annie,Thompson,Lotlux,3540.13,FALSE
Ernest,Parker,Otcom,3299.67,FALSE
Frances,Fox,Konklux,9165.09,FALSE
Benjamin,Chavez,Stim,314.23,FALSE
Sara,Bailey,Redhold,5230.17,FALSE
Samuel,Wilson,Ventosanzap,1526.35,FALSE
William,Carr,Namfix,7693.26,FALSE
Julia,Matthews,Opela,5368.49,FALSE
George,Morales,Keylex,9327.31,FALSE
Daniel,Adams,Fix San,9554.77,FALSE
Jean,Martinez,Hatity,4389.63,FALSE
Kenneth,Grant,Redhold,4596.08,FALSE
Judith,Schmidt,Zoolab,7311.43,FALSE
Shirley,Moreno,Prodder,7290.59,FALSE
Jacqueline,Palmer,Job,137.13,FALSE
Ernest,Willis,Alpha,3475.18,FALSE
Steven,Spencer,Tampflex,5406.41,TRUE
Joyce,Garza,It,6382.67,FALSE
Julia,Grant,Toughjoyfax,4037.87,FALSE
Michelle,Harris,Biodex,9836.05,FALSE
Eugene,Kim,Hatity,3320.43,FALSE
Lisa,Morales,Treeflex,4250.49,FALSE
Ronald,Peterson,Holdlamis,4804.59,FALSE
Martha,Nguyen,Regrant,5580.91,FALSE
Sean,Hansen,Span,3540.26,FALSE
Cheryl,Hudson,Ventosanzap,4282.17,FALSE
Edward,Bennett,Y-find,596.81,FALSE
Frank,Fuller,Job,217.84,FALSE
Nancy,Mills,Konklux,7127.46,FALSE
Carol,Perkins,Regrant,6549.78,FALSE
Julie,Carr,Bitchip,6395.66,FALSE
Heather,West,Treeflex,6230.37,FALSE
Mary,Morris,Hatity,4033.85,FALSE
Julie,Chapman,Vagram,9701.97,FALSE
Joseph,Butler,Holdlamis,3783.09,FALSE
Jesse,Rose,Daltfresh,989.87,FALSE
Carol,Garcia,Y-Solowarm,9316.54,FALSE
Cynthia,Hunt,Aerified,8319.2,FALSE
Lois,Turner,Mat Lam Tam,7955.73,FALSE
Marilyn,Diaz,Zamit,5916.93,FALSE
Tina,Ray,Sub-Ex,1798.14,FALSE
Arthur,Lawrence,Prodder,8089.4,FALSE
Samuel,Rice,Pannier,3477.7,FALSE
Ralph,Weaver,Alphazap,9682.81,FALSE
Marilyn,Campbell,Fixflex,1555.16,FALSE
Arthur,Grant,Daltfresh,124.93,FALSE
Phillip,Bryant,Bytecard,1974.28,FALSE
Gregory,Burns,Treeflex,5076.67,FALSE
Randy,Medina,Stim,9806.28,FALSE
Sharon,Lopez,Asoka,6692.36,FALSE
Brenda,Little,Duobam,3602.59,TRUE
Philip,Franklin,Bitchip,8590.29,FALSE
Ann,Fernandez,Opela,8490.77,FALSE
Margaret,Montgomery,Ronstring,8313.56,TRUE
